門市ID,門市名稱,電話,地址,Google Maps連結,縣市,區域
759,員林大同,04-833-0268,員林市大同路二段189號,https://maps.google.com.tw/?q=%E5%93%A1%E6%9E%97%E5%B8%82%E5%A4%A7%E5%90%8C%E8%B7%AF%E4%BA%8C%E6%AE%B5189%E8%99%9F,,其他
758,新市民權,,新市區民權路60號,https://maps.google.com.tw/?q=%E6%96%B0%E5%B8%82%E5%8D%80%E6%B0%91%E6%AC%8A%E8%B7%AF60%E8%99%9F,,其他
757,台中美村,04-36054540,南區美村路二段99號,https://maps.google.com.tw/?q=%E5%8D%97%E5%8D%80%E7%BE%8E%E6%9D%91%E8%B7%AF%E4%BA%8C%E6%AE%B599%E8%99%9F,,其他
756,仁德中正,06-279-7685,仁德區中正路二段463號,https://maps.google.com.tw/?q=%E4%BB%81%E5%BE%B7%E5%8D%80%E4%B8%AD%E6%AD%A3%E8%B7%AF%E4%BA%8C%E6%AE%B5463%E8%99%9F,,其他
755,松山民權復興,,松山區民權東路三段106巷1號,https://maps.google.com.tw/?q=%E6%9D%BE%E5%B1%B1%E5%8D%80%E6%B0%91%E6%AC%8A%E6%9D%B1%E8%B7%AF%E4%B8%89%E6%AE%B5106%E5%B7%B71%E8%99%9F,,其他
754,竹北北新,,竹北市北新一街66號(水瀧特區),https://maps.google.com.tw/?q=%E7%AB%B9%E5%8C%97%E5%B8%82%E5%8C%97%E6%96%B0%E4%B8%80%E8%A1%9766%E8%99%9F%28%E6%B0%B4%E7%80%A7%E7%89%B9%E5%8D%80%29,,其他
753,湖口王爺壟,03-590-3385,湖口鄉中正七街107號,https://maps.google.com.tw/?q=%E6%B9%96%E5%8F%A3%E9%84%89%E4%B8%AD%E6%AD%A3%E4%B8%83%E8%A1%97107%E8%99%9F,,其他
752,林口忠孝,02-2608-4567,新北市林口區忠孝路126號,https://maps.google.com.tw/?q=%E6%96%B0%E5%8C%97%E5%B8%82%E6%9E%97%E5%8F%A3%E5%8D%80%E5%BF%A0%E5%AD%9D%E8%B7%AF126%E8%99%9F,新北市,北部
750,鶯歌鳳鳴,,新北市鶯歌區鳳鳴路551號,https://maps.google.com.tw/?q=%E6%96%B0%E5%8C%97%E5%B8%82%E9%B6%AF%E6%AD%8C%E5%8D%80%E9%B3%B3%E9%B3%B4%E8%B7%AF551%E8%99%9F,新北市,北部
749,汐止建成,02-2648-0073,汐止區建成路142巷19弄11號,https://maps.google.com.tw/?q=%E6%B1%90%E6%AD%A2%E5%8D%80%E5%BB%BA%E6%88%90%E8%B7%AF142%E5%B7%B719%E5%BC%8411%E8%99%9F,,其他
748,龜山文化東,03-397-5528,桃園市龜山區文化東路2號,https://maps.google.com.tw/?q=%E6%A1%83%E5%9C%92%E5%B8%82%E9%BE%9C%E5%B1%B1%E5%8D%80%E6%96%87%E5%8C%96%E6%9D%B1%E8%B7%AF2%E8%99%9F,桃園市,北部
747,竹北科大,035-583-638,新竹縣竹北市科大一路88號,https://maps.google.com.tw/?q=%E6%96%B0%E7%AB%B9%E7%B8%A3%E7%AB%B9%E5%8C%97%E5%B8%82%E7%A7%91%E5%A4%A7%E4%B8%80%E8%B7%AF88%E8%99%9F,新竹市,北部
746,中壢九和,03-425-5055,桃園市中壢區九和一街59號,https://maps.google.com.tw/?q=%E6%A1%83%E5%9C%92%E5%B8%82%E4%B8%AD%E5%A3%A2%E5%8D%80%E4%B9%9D%E5%92%8C%E4%B8%80%E8%A1%9759%E8%99%9F,桃園市,北部
745,湖口民生,03-599-0311,新竹縣湖口鄉民生街342號,https://maps.google.com.tw/?q=%E6%96%B0%E7%AB%B9%E7%B8%A3%E6%B9%96%E5%8F%A3%E9%84%89%E6%B0%91%E7%94%9F%E8%A1%97342%E8%99%9F,新竹市,北部
744,公館大同,037-229-558,苗栗縣公館鄉大同路80號,https://maps.google.com.tw/?q=%E8%8B%97%E6%A0%97%E7%B8%A3%E5%85%AC%E9%A4%A8%E9%84%89%E5%A4%A7%E5%90%8C%E8%B7%AF80%E8%99%9F,苗栗市,北部
743,潭子頭家,04-2534-0567,台中市潭子區頭張路二段40號,https://maps.google.com.tw/?q=%E5%8F%B0%E4%B8%AD%E5%B8%82%E6%BD%AD%E5%AD%90%E5%8D%80%E9%A0%AD%E5%BC%B5%E8%B7%AF%E4%BA%8C%E6%AE%B540%E8%99%9F,台中市,中部
742,新莊福美,02-8521-3590,新北市新莊區福美街128巷70號,https://maps.google.com.tw/?q=%E6%96%B0%E5%8C%97%E5%B8%82%E6%96%B0%E8%8E%8A%E5%8D%80%E7%A6%8F%E7%BE%8E%E8%A1%97128%E5%B7%B770%E8%99%9F,新北市,北部
741,板橋致理,02-8258-2885,新北市板橋區文化路一段313號,https://maps.google.com.tw/?q=%E6%96%B0%E5%8C%97%E5%B8%82%E6%9D%BF%E6%A9%8B%E5%8D%80%E6%96%87%E5%8C%96%E8%B7%AF%E4%B8%80%E6%AE%B5313%E8%99%9F,新北市,北部
740,新莊雙鳳,02-2908-1716,新北市新莊區雙鳳街134巷24號,https://maps.google.com.tw/?q=%E6%96%B0%E5%8C%97%E5%B8%82%E6%96%B0%E8%8E%8A%E5%8D%80%E9%9B%99%E9%B3%B3%E8%A1%97134%E5%B7%B724%E8%99%9F,新北市,北部
739,竹南京華,03-766-0708,竹南鎮中華路135號,https://maps.google.com.tw/?q=%E7%AB%B9%E5%8D%97%E9%8E%AE%E4%B8%AD%E8%8F%AF%E8%B7%AF135%E8%99%9F,,其他
738,八德更寮腳,03-368-0348,桃園市八德區介壽路二段1157號,https://maps.google.com.tw/?q=%E6%A1%83%E5%9C%92%E5%B8%82%E5%85%AB%E5%BE%B7%E5%8D%80%E4%BB%8B%E5%A3%BD%E8%B7%AF%E4%BA%8C%E6%AE%B51157%E8%99%9F,桃園市,北部
737,台南文成,06-251-0488,北區文成二路87號,https://maps.google.com.tw/?q=%E5%8C%97%E5%8D%80%E6%96%87%E6%88%90%E4%BA%8C%E8%B7%AF87%E8%99%9F,,其他
736,小港港平,07-841-0899,高雄市小港區港平路27號,https://maps.google.com.tw/?q=%E9%AB%98%E9%9B%84%E5%B8%82%E5%B0%8F%E6%B8%AF%E5%8D%80%E6%B8%AF%E5%B9%B3%E8%B7%AF27%E8%99%9F,高雄市,南部
735,中壢弘揚,03-416-2826,桃園市中壢區弘揚路57號,https://maps.google.com.tw/?q=%E6%A1%83%E5%9C%92%E5%B8%82%E4%B8%AD%E5%A3%A2%E5%8D%80%E5%BC%98%E6%8F%9A%E8%B7%AF57%E8%99%9F,桃園市,北部
734,台中民權,04-2205-5188,台中市北區民權路357號,https://maps.google.com.tw/?q=%E5%8F%B0%E4%B8%AD%E5%B8%82%E5%8C%97%E5%8D%80%E6%B0%91%E6%AC%8A%E8%B7%AF357%E8%99%9F,台中市,中部
733,台南萬年,06-262-6385,台南市南區萬年五街349號,https://maps.google.com.tw/?q=%E5%8F%B0%E5%8D%97%E5%B8%82%E5%8D%97%E5%8D%80%E8%90%AC%E5%B9%B4%E4%BA%94%E8%A1%97349%E8%99%9F,台南市,南部
732,西屯甘肅,04-23172230,台中市西屯區甘肅路一段212號,https://maps.google.com.tw/?q=%E5%8F%B0%E4%B8%AD%E5%B8%82%E8%A5%BF%E5%B1%AF%E5%8D%80%E7%94%98%E8%82%85%E8%B7%AF%E4%B8%80%E6%AE%B5212%E8%99%9F,台中市,中部
731,大安安居,02-2732-8638,台北市大安區和平東路三段228巷31號1樓,https://maps.google.com.tw/?q=%E5%8F%B0%E5%8C%97%E5%B8%82%E5%A4%A7%E5%AE%89%E5%8D%80%E5%92%8C%E5%B9%B3%E6%9D%B1%E8%B7%AF%E4%B8%89%E6%AE%B5228%E5%B7%B731%E8%99%9F1%E6%A8%93,台北市,北部
730,永康東橋,06-302-3363,台南市永康區東橋八街183號,https://maps.google.com.tw/?q=%E5%8F%B0%E5%8D%97%E5%B8%82%E6%B0%B8%E5%BA%B7%E5%8D%80%E6%9D%B1%E6%A9%8B%E5%85%AB%E8%A1%97183%E8%99%9F,台南市,南部
729,新化中山,06-5901756,台南市新化區中山路180號,https://maps.google.com.tw/?q=%E5%8F%B0%E5%8D%97%E5%B8%82%E6%96%B0%E5%8C%96%E5%8D%80%E4%B8%AD%E5%B1%B1%E8%B7%AF180%E8%99%9F,台南市,南部
728,內湖康樂,02-26306900,台北市內湖區康樂街136巷15弄5號,https://maps.google.com.tw/?q=%E5%8F%B0%E5%8C%97%E5%B8%82%E5%85%A7%E6%B9%96%E5%8D%80%E5%BA%B7%E6%A8%82%E8%A1%97136%E5%B7%B715%E5%BC%845%E8%99%9F,台北市,北部
727,靜宜大學,,台中市沙鹿區台灣大道七段200號,https://maps.google.com.tw/?q=%E5%8F%B0%E4%B8%AD%E5%B8%82%E6%B2%99%E9%B9%BF%E5%8D%80%E5%8F%B0%E7%81%A3%E5%A4%A7%E9%81%93%E4%B8%83%E6%AE%B5200%E8%99%9F,台中市,中部
726,清水遠六,04-26561031,台中市清水區港都三路110號,https://maps.google.com.tw/?q=%E5%8F%B0%E4%B8%AD%E5%B8%82%E6%B8%85%E6%B0%B4%E5%8D%80%E6%B8%AF%E9%83%BD%E4%B8%89%E8%B7%AF110%E8%99%9F,台中市,中部
725,湖口信勢,03-5905360,新竹縣湖口鄉明德街257號,https://maps.google.com.tw/?q=%E6%96%B0%E7%AB%B9%E7%B8%A3%E6%B9%96%E5%8F%A3%E9%84%89%E6%98%8E%E5%BE%B7%E8%A1%97257%E8%99%9F,新竹市,北部
724,頭份中正,,苗栗縣頭份市中正路246號,https://maps.google.com.tw/?q=%E8%8B%97%E6%A0%97%E7%B8%A3%E9%A0%AD%E4%BB%BD%E5%B8%82%E4%B8%AD%E6%AD%A3%E8%B7%AF246%E8%99%9F,苗栗市,北部
723,桃園國強,03-3600778,桃園市桃園區國強一街458-3號,https://maps.google.com.tw/?q=%E6%A1%83%E5%9C%92%E5%B8%82%E6%A1%83%E5%9C%92%E5%8D%80%E5%9C%8B%E5%BC%B7%E4%B8%80%E8%A1%97458-3%E8%99%9F,桃園市,北部
722,桃園莊敬,03-2160393,桃園市莊敬路二段193號,https://maps.google.com.tw/?q=%E6%A1%83%E5%9C%92%E5%B8%82%E8%8E%8A%E6%95%AC%E8%B7%AF%E4%BA%8C%E6%AE%B5193%E8%99%9F,桃園市,北部
721,平鎮德育,03-4596686,桃園市德育路2段130號,https://maps.google.com.tw/?q=%E6%A1%83%E5%9C%92%E5%B8%82%E5%BE%B7%E8%82%B2%E8%B7%AF2%E6%AE%B5130%E8%99%9F,桃園市,北部
720,龜山文興,03-3978955,桃園市龜山區文興路69號,https://maps.google.com.tw/?q=%E6%A1%83%E5%9C%92%E5%B8%82%E9%BE%9C%E5%B1%B1%E5%8D%80%E6%96%87%E8%88%88%E8%B7%AF69%E8%99%9F,桃園市,北部
719,桃園縣府,03-3371717,桃園市桃園區縣府路266號,https://maps.google.com.tw/?q=%E6%A1%83%E5%9C%92%E5%B8%82%E6%A1%83%E5%9C%92%E5%8D%80%E7%B8%A3%E5%BA%9C%E8%B7%AF266%E8%99%9F,桃園市,北部
718,彰化大埔,04-7119876,彰化縣彰化市大埔路462號,https://maps.google.com.tw/?q=%E5%BD%B0%E5%8C%96%E7%B8%A3%E5%BD%B0%E5%8C%96%E5%B8%82%E5%A4%A7%E5%9F%94%E8%B7%AF462%E8%99%9F,彰化市,中部
717,清水港藝,04-26260803,台中市清水區忠貞路86號,https://maps.google.com.tw/?q=%E5%8F%B0%E4%B8%AD%E5%B8%82%E6%B8%85%E6%B0%B4%E5%8D%80%E5%BF%A0%E8%B2%9E%E8%B7%AF86%E8%99%9F,台中市,中部
716,中山吉林,02-25222268,台北市中山區吉林路259號,https://maps.google.com.tw/?q=%E5%8F%B0%E5%8C%97%E5%B8%82%E4%B8%AD%E5%B1%B1%E5%8D%80%E5%90%89%E6%9E%97%E8%B7%AF259%E8%99%9F,台北市,北部
715,青埔青峰,03-2878618,桃園市大園區青峰路二段125號,https://maps.google.com.tw/?q=%E6%A1%83%E5%9C%92%E5%B8%82%E5%A4%A7%E5%9C%92%E5%8D%80%E9%9D%92%E5%B3%B0%E8%B7%AF%E4%BA%8C%E6%AE%B5125%E8%99%9F,桃園市,北部
714,大溪晶碩,,桃園市大溪區仁和路二段255號,https://maps.google.com.tw/?q=%E6%A1%83%E5%9C%92%E5%B8%82%E5%A4%A7%E6%BA%AA%E5%8D%80%E4%BB%81%E5%92%8C%E8%B7%AF%E4%BA%8C%E6%AE%B5255%E8%99%9F,桃園市,北部
713,三重碧華,02-82876064,新北市三重區碧華街291號,https://maps.google.com.tw/?q=%E6%96%B0%E5%8C%97%E5%B8%82%E4%B8%89%E9%87%8D%E5%8D%80%E7%A2%A7%E8%8F%AF%E8%A1%97291%E8%99%9F,新北市,北部
712,宜蘭農權同安,03-9369809,宜蘭縣宜蘭市農權路141號,https://maps.google.com.tw/?q=%E5%AE%9C%E8%98%AD%E7%B8%A3%E5%AE%9C%E8%98%AD%E5%B8%82%E8%BE%B2%E6%AC%8A%E8%B7%AF141%E8%99%9F,宜蘭市,北部
711,永和秀朗,02-22311127,新北市永和區秀朗路二段214號,https://maps.google.com.tw/?q=%E6%96%B0%E5%8C%97%E5%B8%82%E6%B0%B8%E5%92%8C%E5%8D%80%E7%A7%80%E6%9C%97%E8%B7%AF%E4%BA%8C%E6%AE%B5214%E8%99%9F,新北市,北部
710,草漯莊敬,03-2605550,桃園市觀音區莊敬路255號1樓,https://maps.google.com.tw/?q=%E6%A1%83%E5%9C%92%E5%B8%82%E8%A7%80%E9%9F%B3%E5%8D%80%E8%8E%8A%E6%95%AC%E8%B7%AF255%E8%99%9F1%E6%A8%93,桃園市,北部
709,北屯南興,04-24367656,台中市北屯區南興二路97號,https://maps.google.com.tw/?q=%E5%8F%B0%E4%B8%AD%E5%B8%82%E5%8C%97%E5%B1%AF%E5%8D%80%E5%8D%97%E8%88%88%E4%BA%8C%E8%B7%AF97%E8%99%9F,台中市,中部
708,梧棲四維,04-26563885,台中市梧棲區四維西路130號,https://maps.google.com.tw/?q=%E5%8F%B0%E4%B8%AD%E5%B8%82%E6%A2%A7%E6%A3%B2%E5%8D%80%E5%9B%9B%E7%B6%AD%E8%A5%BF%E8%B7%AF130%E8%99%9F,台中市,中部
707,苓雅廣州,07-7225813,高雄市苓雅區廣州一街127-10號,https://maps.google.com.tw/?q=%E9%AB%98%E9%9B%84%E5%B8%82%E8%8B%93%E9%9B%85%E5%8D%80%E5%BB%A3%E5%B7%9E%E4%B8%80%E8%A1%97127-10%E8%99%9F,高雄市,南部
706,里港信義,08-7788151,屏東縣里港區信義路151號,https://maps.google.com.tw/?q=%E5%B1%8F%E6%9D%B1%E7%B8%A3%E9%87%8C%E6%B8%AF%E5%8D%80%E4%BF%A1%E7%BE%A9%E8%B7%AF151%E8%99%9F,屏東市,南部
705,三民莊敬,07-3950056,高雄市三民區莊敬路238號,https://maps.google.com.tw/?q=%E9%AB%98%E9%9B%84%E5%B8%82%E4%B8%89%E6%B0%91%E5%8D%80%E8%8E%8A%E6%95%AC%E8%B7%AF238%E8%99%9F,高雄市,南部
704,平鎮中山,03-2830158,桃園市平鎮區中山路69號,https://maps.google.com.tw/?q=%E6%A1%83%E5%9C%92%E5%B8%82%E5%B9%B3%E9%8E%AE%E5%8D%80%E4%B8%AD%E5%B1%B1%E8%B7%AF69%E8%99%9F,桃園市,北部
703,中壢自強國中,03-2850283,桃園市中壢區環中東路38號,https://maps.google.com.tw/?q=%E6%A1%83%E5%9C%92%E5%B8%82%E4%B8%AD%E5%A3%A2%E5%8D%80%E7%92%B0%E4%B8%AD%E6%9D%B1%E8%B7%AF38%E8%99%9F,桃園市,北部
702,永康文化,06-2020141,台南市永康區文化路281號,https://maps.google.com.tw/?q=%E5%8F%B0%E5%8D%97%E5%B8%82%E6%B0%B8%E5%BA%B7%E5%8D%80%E6%96%87%E5%8C%96%E8%B7%AF281%E8%99%9F,台南市,南部
701,三重三民,02-29888060,新北市三重區三民街292號,"https://maps.google.com.tw/?q=25.068909804405997,121.47811972883603",新北市,北部
700,竹南科專,03-7582989,苗栗縣竹南鎮科專七路326號,"https://maps.google.com.tw/?q=24.705952441970837,120.90049889815315",苗栗市,北部
699,自強國中,03-2850283,桃園市中壢區環中東路38號,"https://maps.google.com.tw/?q=24.966449594299696,121.25954447301157",桃園市,北部
698,中壢中山東,03-4662990,桃園市中壢區中山東路三段149號,"https://maps.google.com.tw/?q=24.94383731766735,121.24916428650579",桃園市,北部
697,頭份尚順,03-7590196,苗栗縣頭份市東民五街6號,"https://maps.google.com.tw/?q=24.689126369074792,120.90217101083569",苗栗市,北部
695,信義吳興,02-27327970,台北市信義區吳興街260巷19弄14號,"https://maps.google.com.tw/?q=25.025912587908117,121.564109454199",台北市,北部
694,福興中正,04-7787999,彰化縣福興鄉中正路126號,https://maps.google.com.tw/?q=%E5%BD%B0%E5%8C%96%E7%B8%A3%E7%A6%8F%E8%88%88%E9%84%89%E4%B8%AD%E6%AD%A3%E8%B7%AF126%E8%99%9F,彰化市,中部
693,泰山信華,02-29095526,新北市泰山區信華三街171號,"https://maps.google.com.tw/?q=25.04602034073334,121.44035996635232",新北市,北部
692,新竹金竹,03-5333635,新竹市北區金竹路100號,"https://maps.google.com.tw/?q=24.823589126108157,120.97339520000003",新竹市,北部
690,屏東華盛,08-7560001,屏東縣屏東市華盛街3-6號,"https://maps.google.com.tw/?q=22.664778689815368,120.47841216689706",屏東市,南部
689,后里月眉,04-25580122,台中市后里區甲后路二段562號,"https://maps.google.com.tw/?q=24.31422899856915,120.69191292883573",台中市,中部
688,溪州光明,04-8890001,彰化縣溪州鄉溪下路四段489號,"https://maps.google.com.tw/?q=23.850223278549755,120.50116600185248",彰化市,中部
687,大甲八德,04-26801277,台中市大甲區育英路275號,"https://maps.google.com.tw/?q=24.35414430840784,120.61942883743451",台中市,中部
686,鳳山高鳳,07-7929226,高雄市鳳山區高鳳一路119號,"https://maps.google.com.tw/?q=22.587702040739984,120.3668253472212",高雄市,南部
685,永康兵仔市,06-312-1230,台南市永康區勝利街39號,"https://maps.google.com.tw/?q=23.00165695086298,120.23249208310887",台南市,南部
684,石牌致遠,02-2821-3699,台北市北投區致遠二路100號,"https://maps.google.com.tw/?q=25.117252449727722,121.51260081761059",台北市,北部
683,安平慶平,06-2957279,台南市安平區慶平路74號,"https://maps.google.com.tw/?q=22.997326130628036,120.18250552538355",台南市,南部
682,大里立元,04-22750733,台中市大里區立元路21號,"https://maps.google.com.tw/?q=24.1006357665022,120.69715749729163",台中市,中部
681,台中南門,04-22855155,台中市南區南門路43號,"https://maps.google.com.tw/?q=24.122508284871174,120.68162634103275",台中市,中部
680,苑裡世界,03-7860037,苗栗縣苑裡鎮客庄90-20號,"https://maps.google.com.tw/?q=24.436116356829388,120.655739313538",苗栗市,北部
679,北市虎林,02-27565717,台北市信義區虎林街57-17號,"https://maps.google.com.tw/?q=25.046960318837105,121.57702262885303",台北市,北部
678,鳳山北文,07-7353517,高雄市鳳山區北文街18號,"https://maps.google.com.tw/?q=22.641376513389858,120.36875382443728",高雄市,南部
677,台中自由,04-22130009,台中市東區自由路四段213號,"https://maps.google.com.tw/?q=24.142973914623713,120.70237453613075",台中市,中部
675,仁武八德西,07-3737371,高雄市仁武區八德西路1691號,"https://maps.google.com.tw/?q=22.69267153009463,120.33233808215213",高雄市,南部
674,台中河北,04-22372226,台中市北屯區河北路二段101號,"https://maps.google.com.tw/?q=24.17193896502287,120.68327606685686",台中市,中部
673,新莊勝旺興,02-85218154,新北市新莊區昌德街96號,"https://maps.google.com.tw/?q=25.055355155419026,121.4539428957222",新北市,北部
672,新莊榮華,02-85213141,新北市新莊區榮華路一段3號,"https://maps.google.com.tw/?q=25.05576350446547,121.45785490578896",新北市,北部
671,澎湖三多,06-927-7729,澎湖縣馬公市三多路78號,"https://maps.google.com.tw/?q=23.574663980430994,119.57875618217986",澎湖市,離島
670,潭子大豐,04-25348500,台中市潭子區大豐路三段128-26號,"https://maps.google.com.tw/?q=24.222284003446035,120.69238997933776",台中市,中部
669,二林仁愛,04-8967827,彰化縣二林鎮仁愛路354號,"https://maps.google.com.tw/?q=23.90384813953708,120.37192005645979",彰化市,中部
668,林口民視,02-26019400,新北市林口區文化二路二段88巷19號,"https://maps.google.com.tw/?q=25.080897170567045,121.37995846873672",新北市,北部
667,八德福僑,03-371-5308,桃園市八德區福僑街51號,"https://maps.google.com.tw/?q=24.95835727021559,121.29556219781522",桃園市,北部
666,南投集賢,049-2222801,南投縣南投市集賢路55號,"https://maps.google.com.tw/?q=23.904804725844528,120.68407800917677",南投市,中部
665,台中德化,04-22331886,台中市北區德化街26號,"https://maps.google.com.tw/?q=24.21303153563554,120.68632259359974",台中市,中部
664,林口A9三井,02-2600-2826,新北市林口區文化三路一段191巷2號,"https://maps.google.com.tw/?q=25.07084607427667,121.36157450942433",新北市,北部
663,龜山晶碩,,桃園市龜山區興業街5號,"https://maps.google.com.tw/?q=24.988371610477493,121.32786234312077",桃園市,北部
662,龍潭國軍,,桃園市龍潭區中興路168號,"https://maps.google.com.tw/?q=24.877651010271666,121.23485576743366",桃園市,北部
660,鶯歌尖山,02-2670-0060,新北市鶯歌區尖山路144號,"https://maps.google.com.tw/?q=24.948860714507788,121.34657429504614",新北市,北部
658,恆春工商店,0981-869-696,屏東縣恆春鎮恒南路37號,"https://maps.google.com.tw/?q=21.99245489084673,120.74688403975922",屏東市,南部
657,苗栗育賢,03-737-2068,苗栗縣苗栗市育賢路56號,"https://maps.google.com.tw/?q=24.570441095789963,120.81875224954659",苗栗市,北部
656,烏日溪南,04-2335-8211,台中市烏日區溪南路一段619號,"https://maps.google.com.tw/?q=24.074208433636205,120.64296803119126",台中市,中部
655,豐原豐東,04-252-32288,台中市豐原區豐東路256號,"https://maps.google.com.tw/?q=24.2504113798788,120.73210921349305",台中市,中部
654,台南南門,06-214-4656,台南市中西區南門路46號,"https://maps.google.com.tw/?q=22.985222642839393,120.20409156854714",台南市,南部
653,台南健康,06-213-2006,台南市中西區健康路一段170巷12號,"https://maps.google.com.tw/?q=22.98218826979538,120.20732495320325",台南市,南部
652,板橋仁愛,02-8953-0069,新北市板橋區仁愛路62巷15弄16號,"https://maps.google.com.tw/?q=24.998670162695582,121.46078029559123",新北市,北部
651,桃園宏昌,03-220-8085,桃園市桃園區宏昌六街154號,"https://maps.google.com.tw/?q=24.993118157409146,121.29521653378478",桃園市,北部
650,輔英科大,07-782-2221,高雄市大寮區進學路226號,"https://maps.google.com.tw/?q=22.604492668744285,120.3917674",高雄市,南部
649,北市育大,,大安區和平東路二段134號(學生餐廳),"https://maps.google.com.tw/?q=25.023653078396055,121.54634866675602",,其他
648,安平安怡,06-2957157,台南市安平區怡平路150號,"https://maps.google.com.tw/?q=22.993525284163912,120.17914109367987",台南市,南部
647,屏東忠孝,08-7652685,屏東縣屏東市忠孝路229-26號,"https://maps.google.com.tw/?q=22.684847930059803,120.48908246441819",屏東市,南部
646,潭子復興,04-25360605,台中市潭子區復興路一段42號,"https://maps.google.com.tw/?q=24.20359905013818,120.70645723743667",台中市,中部
645,板橋亞東,02-89669007,新北市板橋區德興街3號,"https://maps.google.com.tw/?q=24.995553241335806,121.45341948819652",新北市,北部
644,岡山柳橋東,07-6215212,高雄市岡山區柳橋東路30號,"https://maps.google.com.tw/?q=22.7914448491099,120.29530905359908",高雄市,南部
643,鹿谷中正,049-2752242,南投縣鹿谷鄉中正路二段38號,"https://maps.google.com.tw/?q=23.745428052749514,120.7539783797625",南投市,中部
642,平鎮南京,03-439-5161,桃園市平鎮區南京路15、17號,"https://maps.google.com.tw/?q=24.916611247732423,121.21010034990354",桃園市,北部
641,新莊行政大樓,02-85217641,新莊區中平路439號B1(北棟),"https://maps.google.com.tw/?q=25.05614546455229,121.44304499325418",,其他
640,鳳山黃埔新村店,07-719-5898,830高雄市鳳山區黃埔新村東六巷131-4號,"https://maps.google.com.tw/?q=22.617374,120.364875",高雄市,南部
639,桃園帝璽,03-317-7002,桃園市桃園區同德二街136號,"https://maps.google.com.tw/?q=25.010617078699024,121.30035209325418",桃園市,北部
638,新莊中港,02-8992-2058,新北市新莊區中港路497號,"https://maps.google.com.tw/?q=25.050432932103988,121.45204686441805",新北市,北部
637,埔里南安,04-9291-5078,南投縣埔里鎮安七街87號,"https://maps.google.com.tw/?q=23.967013,120.953866",南投市,中部
636,台中福雅,04-24610313,台中市西屯區福雅路392號,"https://maps.google.com.tw/?q=24.195891067248944,120.62499696441803",台中市,中部
634,蘇澳馬賽,03-9908005,宜蘭縣蘇澳鎮大同路31號,"https://maps.google.com.tw/?q=24.62045669284566,121.83418086869794",宜蘭市,北部
633,烏日中華,04-23380293,台中市烏日區中華路550號,"https://maps.google.com.tw/?q=24.10881761592261,120.6341447840323",台中市,中部
632,新屋中興,03-4770770,桃園市新屋區中興路109號,"https://maps.google.com.tw/?q=24.970893180508607,121.10191686870495",桃園市,北部
631,潭子豐興,04-2536-1027,台中市潭子區豐興路一段519號,"https://maps.google.com.tw/?q=24.20274872892658,120.72243178403407",台中市,中部
629,中和景德,02-2940-1600,新北市中和區景德街88號,"https://maps.google.com.tw/?q=24.99179501818702,121.5163230687053",新北市,北部
628,北市內湖,02-27930899,台北市內湖區內湖路二段379號,"https://maps.google.com.tw/?q=25.08410627333101,121.5924849932542",台北市,北部
627,台中市政,04-23201279,台中市西屯區大墩二十街152號,"https://maps.google.com.tw/?q=24.160436575940064,120.6515158664101",台中市,中部
625,南投復興,049-2243317,南投縣南投市復興路613號,"https://maps.google.com.tw/?q=23.917873450632513,120.68320172156828",南投市,中部
624,新豐明星,03-5571200,新竹縣新豐鄉明新一街107號,"https://maps.google.com.tw/?q=24.865216922625347,120.98979494061837",新竹市,北部
621,北市民權,02-87910168,台北市內湖區民權東路六段180巷13號,"https://maps.google.com.tw/?q=25.068543827656235,121.5932291583149",台北市,北部
620,龍井東海,04-26319323,台中市龍井區台灣大道五段3巷30弄3號,"https://maps.google.com.tw/?q=24.18217439626474,120.59253243557171",台中市,中部
618,台南中金院,06-287-2089,台南市安南區台江大道三段600號,"https://maps.google.com.tw/?q=23.06414142371537,120.16355352575727",台南市,南部
617,新市龍目井,06-5858162,台南市新市區龍目井路411號,"https://maps.google.com.tw/?q=23.10980431822185,120.30746679507497",台南市,南部
616,嘉義興達,05-2811981,嘉義市西區興達路501號,"https://maps.google.com.tw/?q=23.485059706604822,120.43039256439845",嘉義市,南部
615,蘆竹大興,03-3239229,桃園市蘆竹區大興一街150號,"https://maps.google.com.tw/?q=25.01598,121.262784",桃園市,北部
609,竹南中華,03-7665188,苗栗縣竹南鎮中華路385號,"https://maps.google.com.tw/?q=24.715570612463285,120.92035868401788",苗栗市,北部
608,蘆竹鴻佰,0908-323661,桃園市蘆竹區南青路1188號,"https://maps.google.com.tw/?q=25.057715622354216,121.27553329695871",桃園市,北部
607,大寮鳳林,07-782-6686,高雄市大寮區鳳林三路751號,"https://maps.google.com.tw/?q=22.611491843414097,120.39174797116436",高雄市,南部
606,仁武中正,07-3751138,高雄市仁武區中正路256號,"https://maps.google.com.tw/?q=22.702707753436055,120.35333238952445",高雄市,南部
605,桃園藝文,03-317-0090,桃園市桃園區天祥七街112號,"https://maps.google.com.tw/?q=25.023167766885038,121.29964027180871",桃園市,北部
602,楠梓清豐,07-353-8766,高雄市楠梓區清豐二路25號一樓,"https://maps.google.com.tw/?q=22.73806648534521,120.33266551968121",高雄市,南部
600,臺北科大,02-8772-0989,台北市大安區新生南路一段1號(北科好食光美食街),"https://maps.google.com.tw/?q=25.044188143359392,121.5332705865069",台北市,北部
599,中壢華美,03-2850861,桃園市中壢區華美一路41號,"https://maps.google.com.tw/?q=24.956685441203156,121.26260411229018",桃園市,北部
598,鹿港鹿東,04-7781525,彰化縣鹿港鎮長安路137號,"https://maps.google.com.tw/?q=24.05960170295826,120.44400308714167",彰化市,中部
597,苗栗聯大,0937-314-578,苗栗縣苗栗市聯大路2號(男生宿舍餐廳),"https://maps.google.com.tw/?q=24.53753440229739,120.78933155517915",苗栗市,北部
593,高雄重愛,07-3495587,高雄市左營區重愛路146號,"https://maps.google.com.tw/?q=22.68431442353566,120.31732185029426",高雄市,南部
592,淡水新春,02-26228012,新北市淡水區新春街126巷13號,"https://maps.google.com.tw/?q=25.181705396165068,121.44069618482357",新北市,北部
591,烏日環河,04-23383663,台中市烏日區環河路四段200號,"https://maps.google.com.tw/?q=24.1052403760069,120.60648335320356",台中市,中部
590,台南中華東,06-2681298,台南市東區中華東路三段72號,"https://maps.google.com.tw/?q=22.979902996891028,120.2278469423296",台南市,南部
589,台中五常,0422012656,台中市北區五常街53號,"https://maps.google.com.tw/?q=24.154374232139745,120.68063122883518",台中市,中部
588,新莊建中,02-29964825,新北市新莊區建中街140號,"https://maps.google.com.tw/?q=25.036928122516606,121.44507119768069",新北市,北部
587,中和遠東,02-22223331,新北市中和區建八路168號,"https://maps.google.com.tw/?q=24.998626132947166,121.49039214046041",新北市,北部
586,北市莊敬,02-87809668,台北市信義區莊敬路229號,"https://maps.google.com.tw/?q=25.03022013633883,121.56206748241648",台北市,北部
584,新屋新洲,03-490-0955,桃園市新屋區頭洲里新洲路15號,"https://maps.google.com.tw/?q=24.9588836638203,121.15245662659134",桃園市,北部
583,高雄文武,07-2611226,高雄市前金區文武一街72號,"https://maps.google.com.tw/?q=22.631971531725448,120.29415922883518",高雄市,南部
582,新莊立信,02-2277 0881,新北市新莊區立信五街7號,"https://maps.google.com.tw/?q=25.05193886059258,121.44426359960364",新北市,北部
581,北市行善,02-8791 7138,台北內湖區行善路36-1號,"https://maps.google.com.tw/?q=25.056813338964115,121.57518528241661",台北市,北部
579,高雄保泰,07-722-5458,高雄市前鎮區崗山西街2-12號,"https://maps.google.com.tw/?q=22.601048317609596,120.33021531122199",高雄市,南部
577,中和自強,02-29626099,新北市中和區國光街107巷4弄28號,"https://maps.google.com.tw/?q=24.999516604747605,121.46983772640716",新北市,北部
575,龍井遊園,04-26317317,台中市龍井區遊園南路153號,"https://maps.google.com.tw/?q=24.183240440952236,120.58455073988753",台中市,中部
574,台中順和,04-23596077,台中市西屯區工業區三十八路5號,"https://maps.google.com.tw/?q=24.176074401880623,120.58914748465745",台中市,中部
573,梧棲民和,04-26620506,台中市梧棲區民和路一段200號,"https://maps.google.com.tw/?q=24.25029688407449,120.54982902650558",台中市,中部
572,永和安樂,02 8660 8990,新北市永和區安樂路218號1F,"https://maps.google.com.tw/?q=25.00242307012554,121.51509201302221",新北市,北部
571,嘉義嘉基,05-2765041#7104,嘉義市東區忠孝路539號(嘉義基督教醫院-美食街),"https://maps.google.com.tw/?q=23.499766099007875,120.45012855530379",嘉義市,南部
570,八德興仁,03-3689365,桃園市八德區興仁路13號,"https://maps.google.com.tw/?q=24.92609041524575,121.28254973595465",桃園市,北部
569,湖口大勇,03-5986661,新竹縣湖口鄉仁和路122號,"https://maps.google.com.tw/?q=24.87278399229863,121.01523197066186",新竹市,北部
568,北市行天宮,02-25178793,台北市中山區民生東路二段147巷10-1號,"https://maps.google.com.tw/?q=25.060076880354877,121.53469506895865",台北市,北部
567,北市龍江,02-25175415,台北市中山區龍江路302號,"https://maps.google.com.tw/?q=25.062261132851592,121.5405485554639",台北市,北部
566,和美仁化,04-7566766,彰化縣和美鎮仁化路65號,"https://maps.google.com.tw/?q=24.108284834398546,120.49910224836492",彰化市,中部
565,基隆百福,02-24516403,基隆市七堵區福五街76號,"https://maps.google.com.tw/?q=25.084980055758496,121.69867779768144",基隆市,北部
564,汐止福德,02-2694-8822,新北市汐止區福德一路86巷23號,"https://maps.google.com.tw/?q=25.069142922209394,121.6371822288359",新北市,北部
562,林口中山,02-26012882,新北市林口區中山路127號,"https://maps.google.com.tw/?q=25.07901973141059,121.3887003119585",新北市,北部
560,新社新中和,04-25822025,台中市新社區中和街四段237號,"https://maps.google.com.tw/?q=24.245243712428614,120.8083493812481",台中市,中部
559,鳳山新富,07-7658600,高雄市鳳山區新富路320號,"https://maps.google.com.tw/?q=22.612944590428242,120.34244834073846",高雄市,南部
558,泰山明志,02-29040882,新北市泰山區工專路5-6號,"https://maps.google.com.tw/?q=25.039819716559926,121.42380666777592",新北市,北部
556,平鎮廣平,03-4920284,桃園市中壢區廣平街173號,"https://maps.google.com.tw/?q=24.954690209809737,121.21369962635156",桃園市,北部
554,烏日林新,04-23370492,台中市烏日區榮和路210號,"https://maps.google.com.tw/?q=24.110569235472965,120.59812448339075",台中市,中部
553,八德義勇,03-3610327,桃園市八德區義勇街154號,"https://maps.google.com.tw/?q=24.964027773311788,121.30608468465745",桃園市,北部
552,中和新生,02-82216395,新北市中和區新生街202號,"https://maps.google.com.tw/?q=25.009298917926674,121.4834115144303",新北市,北部
550,台中敦化,04-24264936,台中市北屯區敦化路一段468號,"https://maps.google.com.tw/?q=24.187871974503217,120.66801548398288",台中市,中部
549,五股登林,02-22928000,新北市五股區登林路76-11號,"https://maps.google.com.tw/?q=25.06945386566334,121.4293165217934",新北市,北部
546,中和福美,02-82421086,新北市中和區福美路236號,"https://maps.google.com.tw/?q=25.00511453152078,121.49833265969126",新北市,北部
543,羅東維揚,03-9511799,宜蘭縣羅東鎮維揚路59號,"https://maps.google.com.tw/?q=24.6721364600227,121.7618697619273",宜蘭市,北部
541,永和自由,02-29250942,新北市永和區自由街58號,"https://maps.google.com.tw/?q=25.00580935651994,121.51370415919348",新北市,北部
538,潭子大富,04-25347438,台中市潭子區大富路一段7-28號,"https://maps.google.com.tw/?q=24.205191433367904,120.67920331459447",台中市,中部
535,桃園同德,03-3580686,桃園市桃園區同德十街2號,"https://maps.google.com.tw/?q=25.01893919483737,121.29455798802694",桃園市,北部
533,大溪員林,03-3801799,桃園市大溪區員林路一段191號,"https://maps.google.com.tw/?q=24.896694785652436,121.27878651192871",桃園市,北部
532,桃園漢中,03-3630087,桃園市桃園區漢中路102號,"https://maps.google.com.tw/?q=24.980747307455548,121.30398340850844",桃園市,北部
531,台中四張犁,04-24213211,台中市北屯區昌平路二段45-6號,"https://maps.google.com.tw/?q=24.191337299289092,120.68366026964974",台中市,中部
530,后里大圳,04-25587966,台中市后里區大圳路427號,"https://maps.google.com.tw/?q=24.307211405629868,120.70984624621359",台中市,中部
529,台中林森,04-23725277,台中市西區林森路140號,"https://maps.google.com.tw/?q=24.139337868036524,120.66904766526591",台中市,中部
526,沙鹿弘光,04-2632-1113,台中市沙鹿區北勢東路293號,"https://maps.google.com.tw/?q=24.21738453832101,120.57944866860525",台中市,中部
525,八德豐德,03-365-3703,桃園市八德區豐德一路10號,"https://maps.google.com.tw/?q=24.92590854121133,121.28765209190391",桃園市,北部
520,龍潭梅龍,03-4798569,桃園市龍潭區梅龍路180號,"https://maps.google.com.tw/?q=24.873702457878515,121.19794736771905",桃園市,北部
518,沙鹿鹿峰,04-26232308,台中市沙鹿區中山路653號,"https://maps.google.com.tw/?q=24.25494171992766,120.5682602273509",台中市,中部
515,龍潭中興,03-4990206,桃園市龍潭區中興路306號,"https://maps.google.com.tw/?q=24.87400159324128,121.2331701578348",桃園市,北部
512,高雄興中,07-5360589,高雄市苓雅區興中一路209號,"https://maps.google.com.tw/?q=22.6182250584798,120.31195772623026",高雄市,南部
509,台中東門,04-22809280,台中市東區東門路125號,"https://maps.google.com.tw/?q=24.127422674357256,120.69924525975479",台中市,中部
508,清水西寧,04-26233066,台中市清水區五權東路89號,"https://maps.google.com.tw/?q=24.275066517333805,120.57351647608421",台中市,中部
505,新竹新莊,03-6686623,新竹市東區新莊街232號,"https://maps.google.com.tw/?q=24.788180224465346,121.017874055658",新竹市,北部
502,新莊中原東,02-89956686,新北市新莊區中原東路202號,"https://maps.google.com.tw/?q=25.054479979086604,121.46055226256145",新北市,北部
501,北市延平北,02-25501599,台北市延平北路一段104號,"https://maps.google.com.tw/?q=25.052674241204418,121.51166699309604",台北市,北部
500,汐止忠孝,02-86485635,新北市汐止區忠孝東路487-5號,"https://maps.google.com.tw/?q=25.07402902222131,121.66605541606668",新北市,北部
499,花蓮中正,03-8311229,花蓮縣花蓮市中正路199號,"https://maps.google.com.tw/?q=23.972088791897527,121.5991515849135",花蓮市,東部
498,金門金城,082-375539,金門縣金城鎮光前路87號,"https://maps.google.com.tw/?q=24.433482752245894,118.31449789785646",金門市,離島
496,恆春中山,08-8892468,屏東縣恆春鎮中山路138號,"https://maps.google.com.tw/?q=22.003896432813573,120.74357499782757",屏東市,南部
495,恆春西門,08-8881600,屏東縣恆春鎮西門路121號,"https://maps.google.com.tw/?q=22.008300032502355,120.74344959782756",屏東市,南部
494,內埔光明,08-7692345,屏東縣內埔鄉光明路619號,"https://maps.google.com.tw/?q=22.615452889024418,120.5682241978344",屏東市,南部
492,屏東瑞光,08-7389889,屏東縣屏東市瑞光路二段208號,"https://maps.google.com.tw/?q=22.67805068447897,120.5083307978353",屏東市,南部
489,屏東自由,08-7360127,屏東縣屏東市自由路357-2號,"https://maps.google.com.tw/?q=22.67961158436536,120.49673029783531",屏東市,南部
488,高雄城峰,07-5883532,高雄市左營區城峰路8號1F,"https://maps.google.com.tw/?q=22.671791784934022,120.28727749783512",高雄市,南部
487,高雄富民,07-5563882,高雄市左營區富民路157號,"https://maps.google.com.tw/?q=22.660269585771264,120.30499879783511",高雄市,南部
486,小港宏平,07-8010688,高雄市小港區宏平路92號,"https://maps.google.com.tw/?q=22.571611992200854,120.36396469783395",高雄市,南部
485,楠梓翠屏,07-3643316,高雄市楠梓區翠屏路39號,"https://maps.google.com.tw/?q=22.725832576915348,120.29937282436002",高雄市,南部
484,楠梓德賢,07-3642422,高雄市楠梓區德賢路220巷3號,"https://maps.google.com.tw/?q=22.72688898092446,120.30621939783579",高雄市,南部
483,楠梓監理,07-3618019,高雄市楠梓區監理南街121號,"https://maps.google.com.tw/?q=22.72862218079812,120.31881309783583",高雄市,南部
481,高雄一心,07-3383784,高雄市前鎮區一心二路8號,"https://maps.google.com.tw/?q=22.610618889375,120.3126619978344",高雄市,南部
480,高雄自強,07-2119669,高雄市前金區自強二路182號,"https://maps.google.com.tw/?q=22.628025888112447,120.29442799783467",高雄市,南部
478,高雄英義,07-7130277,高雄市苓雅區英義街335號,"https://maps.google.com.tw/?q=22.61832678881601,120.3251550978345",高雄市,南部
476,高雄中正,07-2350989,高雄市新興區中正三路30號,"https://maps.google.com.tw/?q=22.63090288790368,120.31171529783462",高雄市,南部
474,高雄大昌,07-3800765,高雄市三民區大昌二路388號,"https://maps.google.com.tw/?q=22.649258486571096,120.33198459783488",高雄市,南部
473,高雄河堤,07-3505266,高雄市三民區河堤路502號,"https://maps.google.com.tw/?q=22.665000085427614,120.31350629783512",高雄市,南部
472,高雄昌富,07-3832406,高雄市三民區大豐一路2號,"https://maps.google.com.tw/?q=22.654020611178,120.33161072637316",高雄市,南部
471,高雄鼎泰,07-3106457,高雄市三民區鼎泰街219-221號,"https://maps.google.com.tw/?q=22.6661298853454,120.31808899783503",高雄市,南部
470,高雄建工,07-3945816,高雄市三民區建工路625巷9號,"https://maps.google.com.tw/?q=22.647825986675098,120.31916899783477",高雄市,南部
469,高雄鼎金,07-3472745,高雄市三民區鼎金後路110號,"https://maps.google.com.tw/?q=22.67046248503063,120.32515709783522",高雄市,南部
468,高雄延慶,07-3807220,高雄市三民區延慶街204號,"https://maps.google.com.tw/?q=22.642828787037914,120.31529029783485",高雄市,南部
467,高雄義華,07-3929392,高雄市三民區義華路183號,"https://maps.google.com.tw/?q=22.642872387034856,120.33990579783492",高雄市,南部
465,大社旗楠,07-3539437,高雄市大社區旗楠路2-2號,"https://maps.google.com.tw/?q=22.740633879922772,120.33768639783604",高雄市,南部
464,林園仁愛,07-6426263,高雄市林園區仁愛路118號,"https://maps.google.com.tw/?q=22.507321696848607,120.39231189783322",高雄市,南部
462,仁武仁雄,07-3755930,高雄市仁武區仁雄路13-33號,"https://maps.google.com.tw/?q=22.68067568428799,120.35347799783517",高雄市,南部
461,岡山壽華,07-6216688,高雄市岡山區壽華路106號,"https://maps.google.com.tw/?q=22.799194475648722,120.2928967978365",高雄市,南部
460,岡山校前,07-6212601,高雄市岡山區校前路9號,"https://maps.google.com.tw/?q=22.79180837618833,120.2955604978365",高雄市,南部
459,高雄湖內,07-6934688,高雄市湖內區正義二路13號,"https://maps.google.com.tw/?q=22.87369587019642,120.23639029783747",高雄市,南部
458,鳳山光復,07-7191262,高雄市鳳山區光復路一段62-1號,"https://maps.google.com.tw/?q=22.629300888019735,120.35227499783457",高雄市,南部
457,鳳山文化,07-7993866,高雄市鳳山區文化路101號,"https://maps.google.com.tw/?q=22.634206587663947,120.35261139783472",高雄市,南部
456,台南永福,06-2134746,台南市中西區永福路一段6號,"https://maps.google.com.tw/?q=22.98531766199643,120.2002052978388",台南市,南部
455,台南勝利,06-2092626,台南市北區勝利路391號,"https://maps.google.com.tw/?q=23.004181460607114,120.21867879783902",台南市,南部
454,台南大港,06-2583372,台南市北區大和路215號,"https://maps.google.com.tw/?q=23.01329645993528,120.18980589783915",台南市,南部
453,台南中華,06-2586315,台南市北區中華北路一段138號,"https://maps.google.com.tw/?q=23.010352460152358,120.18542089783912",台南市,南部
448,台南北安,06-2521885,台南市安南區北安路2段118號,"https://maps.google.com.tw/?q=23.028170858838596,120.20515399783937",台南市,南部
447,台南尊南,06-2631676,台南市南區尊南街162號,"https://maps.google.com.tw/?q=22.978607462490523,120.1889860978387",台南市,南部
445,台南裕文,06-2904227,台南市東區裕文路45號,"https://maps.google.com.tw/?q=22.98309056216047,120.23831879783884",台南市,南部
444,台南育樂,06-2367677,台南市東區育樂街154號,"https://maps.google.com.tw/?q=22.995614961238118,120.21462599783892",台南市,南部
443,台南崇明,06-2695678,台南市東區崇明路439號,"https://maps.google.com.tw/?q=22.97337446287563,120.22437709783864",台南市,南部
442,台南裕信,06-3317450,台南市東區裕農路968號,"https://maps.google.com.tw/?q=22.990043261648548,120.24518029783893",台南市,南部
440,台南莊敬,06-2093311,台南市東區莊敬路298號,"https://maps.google.com.tw/?q=22.998207161047187,120.23332809783899",台南市,南部
438,台南崇德,06-2894218,台南市東區崇德路675號,"https://maps.google.com.tw/?q=22.969072963192176,120.22776299783862",台南市,南部
437,台南長榮,06-2749160,台南市東區長榮路2段92號,"https://maps.google.com.tw/?q=22.9887368617446,120.21975339783877",台南市,南部
436,新市富中,06-5892183,台南市新市區富中街590號,"https://maps.google.com.tw/?q=23.07963275503881,120.28597369783984",台南市,南部
435,新市中興,06-5897177,台南市新市區中興街31號,"https://maps.google.com.tw/?q=23.078383555131232,120.29454779783988",台南市,南部
434,白河國泰,06-6858111,台南市白河區國泰路387號,"https://maps.google.com.tw/?q=23.354038334645065,120.41423799784326",台南市,南部
432,仁德嘉藥,06-2667565,台南市仁德區仁德區中正路一段73號,"https://maps.google.com.tw/?q=22.919330466848606,120.22940859783806",台南市,南部
431,仁德虎山,06-3350199,台南市仁德區保生東路102號,"https://maps.google.com.tw/?q=22.955081264221363,120.23135819783842",台南市,南部
430,佳里延平,06-7223344,台南市佳里區延平路105號,"https://maps.google.com.tw/?q=23.156391049356728,120.17890549784093",台南市,南部
428,歸仁中正,06-3387646,台南市歸仁區中正南路一段97號,"https://maps.google.com.tw/?q=22.964417963534633,120.2935221978385",台南市,南部
427,台南福緣,06-3121932,台南市永康區中華路10巷2-1號,"https://maps.google.com.tw/?q=22.999784260931058,120.23507979783899",台南市,南部
426,鹽行仁愛,06-2434451,台南市永康區仁愛街50之1號,"https://maps.google.com.tw/?q=23.042653657770064,120.23839329783954",台南市,南部
425,永康民族,06-2058849,台南市永康區民族路212號,"https://maps.google.com.tw/?q=23.00573086049288,120.26939669783907",台南市,南部
422,永康正強,06-2031745,台南市永康區正強街169號,"https://maps.google.com.tw/?q=23.02780985886511,120.25176539783946",台南市,南部
420,永康大橋,06-3037132,台南市永康區中華西街82號,"https://maps.google.com.tw/?q=23.01429645986155,120.22697319783903",台南市,南部
417,新營民治,06-6378000,台南市新營區民治路6-8號,"https://maps.google.com.tw/?q=23.311228837841366,120.32204019784271",台南市,南部
415,善化蓮潭,06-5858162,台南市善化區蓮潭北三街266號,"https://maps.google.com.tw/?q=23.11849505216428,120.30545649784031",台南市,南部
414,善化光復,06-5816707,台南市善化區光復路 228號,"https://maps.google.com.tw/?q=23.127557251493275,120.2890604978405",台南市,南部
413,善化大成,06-5850596,台南市善化區大成路268號,"https://maps.google.com.tw/?q=23.130076951306748,120.29920479784053",台南市,南部
412,台東中華,089-338538,台東縣台東市中華路二段35號,"https://maps.google.com.tw/?q=22.745850079542457,121.14135899783608",台東市,東部
411,台東中山,089-310955,台東縣台東市中山路409號,"https://maps.google.com.tw/?q=22.753042079017906,121.1485224978361",台東市,東部
408,嘉義民族,05-2288796,嘉義市東區民族路656號,"https://maps.google.com.tw/?q=23.475680425532563,120.44433759784481",嘉義市,南部
407,民雄文化,05-2060609,嘉義縣民雄鄉文化路1號,"https://maps.google.com.tw/?q=23.534321250910843,120.42664386609229",嘉義市,南部
406,嘉義太保,05-3717207,嘉義縣太保市太保里29之3號,"https://maps.google.com.tw/?q=23.46436311284428,120.24677163171847",嘉義市,南部
405,朴子海通,05-3700872,嘉義縣朴子市海通路22號,"https://maps.google.com.tw/?q=23.464063826404796,120.24677379784454",嘉義市,南部
399,西螺光復,05-5876965,雲林縣西螺鎮光復西路78號,"https://maps.google.com.tw/?q=23.797160801238046,120.46323399784853",雲林市,中部
398,斗六慶生,05-5325399,雲林縣斗六市慶生路265號,"https://maps.google.com.tw/?q=23.713845107563817,120.5388829978475",雲林市,中部
397,斗六民生,05-5361862,雲林縣斗六市中堅西路2號,"https://maps.google.com.tw/?q=23.700213608596776,120.53792079784724",雲林市,中部
395,埔里中正,049-2983695,南投縣埔里鎮中正路289-1號,"https://maps.google.com.tw/?q=23.962587788616943,120.96990599785053",南投市,中部
394,埔里民生,049-2900080,南投縣埔里鎮民生路126號,"https://maps.google.com.tw/?q=23.960491888777376,120.96295339785055",南投市,中部
390,梧棲大聖,04-26595519,台中市梧棲區臨港路三段353號前,"https://maps.google.com.tw/?q=24.239282967325035,120.51813349785402",台中市,中部
389,霧峰亞洲大學,04-23392120,台中市霧峰區柳豐二街45號,"https://maps.google.com.tw/?q=24.04392778238125,120.68693699785159",台中市,中部
388,大雅學府,04-25650302,台中市大雅區學府路250巷73號,"https://maps.google.com.tw/?q=24.223935568512072,120.65199909785387",台中市,中部
387,大雅中山,04-25684890,台中市大雅區中山北路166號,"https://maps.google.com.tw/?q=24.21843756893702,120.64712199785386",台中市,中部
386,大甲日南,04-26822907,台中市大甲區中山路二段558號,"https://maps.google.com.tw/?q=24.389303455686147,120.65476559785596",台中市,中部
385,大甲中山,04-26888292,台中市大甲區中山路一段730號,"https://maps.google.com.tw/?q=24.342382359333538,120.6231129978553",台中市,中部
383,大甲三民,04-26881678,台中市大甲區三民路278號,"https://maps.google.com.tw/?q=24.352058458581862,120.62336669785553",台中市,中部
380,東勢中山,04-25887575,台中市東勢區中山路79號,"https://maps.google.com.tw/?q=24.256758265972913,120.82892469785435",台中市,中部
379,東勢東崎,04-25770900,台中市東勢區東崎街380號,"https://maps.google.com.tw/?q=24.266023265255466,120.88292249785448",台中市,中部
378,台中精科,04-23500282,台中市南屯區文山五街288號,"https://maps.google.com.tw/?q=24.148408774342908,120.60881229785281",台中市,中部
376,台中晨津,04-24733396,台中市南屯區大墩六街271號,"https://maps.google.com.tw/?q=24.142466974800982,120.64734169785285",台中市,中部
375,台中忠勇,04-36111540,台中市南屯區忠勇路52-229號,https://maps.google.com.tw/?q=%E5%8F%B0%E4%B8%AD%E5%B8%82%E5%8D%97%E5%B1%AF%E5%8D%80%E5%BF%A0%E5%8B%87%E8%B7%AF52-229%E8%99%9F,台中市,中部
372,台中海德堡,04-24754183,台中市南屯區向心南路936號,"https://maps.google.com.tw/?q=24.13631977527453,120.64410299785276",台中市,中部
371,台中南屯,04-24751217,台中市南屯區南屯路2段206號,"https://maps.google.com.tw/?q=24.136715175244188,120.65033629785279",台中市,中部
370,台中永安,04-24627380,台中市西屯區西屯路三段148-5號,"https://maps.google.com.tw/?q=24.185352771492955,120.62463599785346",台中市,中部
369,台中逢大,04-24522863,台中市西屯區逢大路109號,"https://maps.google.com.tw/?q=24.17750457209866,120.6501350978534",台中市,中部
368,台中逢甲,04-24519755,台中市西屯區西屯路二段295-17號,"https://maps.google.com.tw/?q=24.17793307206561,120.64194959785331",台中市,中部
367,台中文華,04-27063911,台中市西屯區文華路152號,"https://maps.google.com.tw/?q=24.18325967165437,120.64641499785343",台中市,中部
366,台中上安,04-24525391,台中市西屯區上安路107號,"https://maps.google.com.tw/?q=24.171351772573445,120.63964999785308",台中市,中部
365,台中中工,04-23508547,台中市西屯區中工三路81號,"https://maps.google.com.tw/?q=24.178873271992977,120.6190276978533",台中市,中部
363,台中館前,04-23269089,台中市北區博館路97號,"https://maps.google.com.tw/?q=24.155722873778966,120.66627339785305",台中市,中部
362,台中師苑,04-22200928,台中市西區五權路43號,"https://maps.google.com.tw/?q=24.14471367462777,120.67008799785285",台中市,中部
361,台中長春,04-23260647,台中市西區忠明南路37號,"https://maps.google.com.tw/?q=24.15534097380846,120.65888949785297",台中市,中部
360,台中四維,04-22258883,台中市西區四維街70號,"https://maps.google.com.tw/?q=24.139246875049043,120.67379469785284",台中市,中部
356,台中高工,04-22612443,台中市南區工學路117號,"https://maps.google.com.tw/?q=24.116765276780832,120.66011409785246",台中市,中部
354,台中忠明,04-23786063,台中市南區忠明南路582-2號,"https://maps.google.com.tw/?q=24.13067727570943,120.65712759785264",台中市,中部
353,台中十甲,04-22115209,台中市東區十甲東路661號,"https://maps.google.com.tw/?q=24.144193374667932,120.70889289785298",台中市,中部
352,大肚華山,04-26990808,台中市大肚區華山路52號,"https://maps.google.com.tw/?q=24.154481573874744,120.54498969785301",台中市,中部
351,龍井竹坑,04-26364045,台中市龍井區沙田路4段118號,"https://maps.google.com.tw/?q=24.176055772210507,120.54403579785327",台中市,中部
348,沙鹿中興,04-26311560,台中市沙鹿區自強路336號,"https://maps.google.com.tw/?q=24.202752670149057,120.56778409785352",台中市,中部
345,太平中山,04-23937766,台中市太平區中山路二段140號,"https://maps.google.com.tw/?q=24.149203574281632,120.7344117978529",台中市,中部
343,后里甲后,04-25586308,台中市后里區甲后路466號,"https://maps.google.com.tw/?q=24.309356261896948,120.72019249785498",台中市,中部
340,大里益民,04-24872988,台中市大里區益民路二段283號,"https://maps.google.com.tw/?q=24.111369777196227,120.68370639785257",台中市,中部
336,員林北門,04-8336075,彰化縣員林市中正路630號,"https://maps.google.com.tw/?q=23.96225885063741,120.57142257224959",彰化市,中部
335,員林育英,04-8335966,彰化縣員林市育英路82-1號,"https://maps.google.com.tw/?q=23.960602465802356,120.57467447347263",彰化市,中部
331,鹿港三民,04-7840566,彰化縣鹿港鎮三民路207號,"https://maps.google.com.tw/?q=24.050677781863023,120.4334569978518",彰化市,中部
330,埤頭彰水,04-8926802,彰化縣埤頭鄉彰水路三段484號,"https://maps.google.com.tw/?q=23.891358694061307,120.45932319784964",彰化市,中部
329,伸港中興,04-7998922,彰化縣伸港鄉中興路二段350號,"https://maps.google.com.tw/?q=24.161915773301352,120.487385997853",彰化市,中部
328,伸港水尾,04-7982813,彰化縣伸港鄉新港村新港路240號,"https://maps.google.com.tw/?q=24.147586774406218,120.4866752978529",彰化市,中部
324,溪湖培英,04-8613210,彰化縣溪湖鎮培英路94號,"https://maps.google.com.tw/?q=23.96771388822455,120.48044229785064",彰化市,中部
322,北斗文苑,04-8781028,彰化縣北斗鎮文苑東路53-1號,"https://maps.google.com.tw/?q=23.875326895284548,120.52683409784952",彰化市,中部
318,彰化旭光,04-7230168,彰化縣彰化市旭光路201號,"https://maps.google.com.tw/?q=24.07181988023867,120.54612479785202",彰化市,中部
315,彰化彰德,04-7385477,彰化縣彰化市彰南路二段510號之2,"https://maps.google.com.tw/?q=24.08270777940151,120.58961099785219",彰化市,中部
313,彰化三民,04-7266656,彰化縣彰化市三民路298號,"https://maps.google.com.tw/?q=24.08569277917201,120.5445959978521",彰化市,中部
312,彰化實踐,04-7236787,彰化縣彰化市實踐路183號,"https://maps.google.com.tw/?q=24.083623779331063,120.5579454978522",彰化市,中部
311,彰化彰美,04-7233113,彰化縣彰化市彰美路一段163號,"https://maps.google.com.tw/?q=24.088366178966268,120.5380983978522",彰化市,中部
310,彰化彰南,04-7374073,彰化縣彰化市彰南路一段427號,"https://maps.google.com.tw/?q=24.08585487915957,120.5761416978522",彰化市,中部
307,台中安德,04-22470063,台中市北屯區崇德二路一段139號,"https://maps.google.com.tw/?q=24.17607697220875,120.69572139785328",台中市,中部
306,台中東山,04-24367837,台中市北屯區東山路一段125-1號,"https://maps.google.com.tw/?q=24.169712372700033,120.70331979785334",台中市,中部
305,台中興安,04-22460134,台中市北屯區興安路1段260號,"https://maps.google.com.tw/?q=24.1722964725005,120.69439989785323",台中市,中部
304,台中松竹,04-22478602,台中市北屯區松竹路2段314號,"https://maps.google.com.tw/?q=24.18272307169585,120.6916527978533",台中市,中部
301,台中新民,04-22366696,台中市北區健行路184號,"https://maps.google.com.tw/?q=24.159292073503774,120.68624799785293",台中市,中部
300,台中北平,04-22937373,台中市北區北平路一段31號,"https://maps.google.com.tw/?q=24.17176527254147,120.66846239785309",台中市,中部
299,潭子圓通,04-25341028,台中市潭子區圓通南路222號,"https://maps.google.com.tw/?q=24.207325769795734,120.70376589785363",台中市,中部
297,神岡豐洲,04-25257597,台中市神岡區豐洲路156號,"https://maps.google.com.tw/?q=24.258719165820917,120.7106594978543",台中市,中部
296,神岡昌平,04-25613473,台中市神岡區昌平路五段386號,"https://maps.google.com.tw/?q=24.24437606693104,120.68344119785408",台中市,中部
294,烏日中山,04-23387896,台中市烏日區中山路二段234號,"https://maps.google.com.tw/?q=24.10657537756535,120.62177339785241",台中市,中部
293,豐原南陽,04-25250317,台中市豐原區南陽路406號,"https://maps.google.com.tw/?q=24.24697566672977,120.72460599785413",台中市,中部
291,豐原西安,04-25225277,台中市豐原區西安街6號,"https://maps.google.com.tw/?q=24.24953626653168,120.71468829785431",台中市,中部
289,南港胡適,02-26522621,台北市南港區舊莊街一段3巷12弄4號,"https://maps.google.com.tw/?q=25.04217510426079,121.61819739786445",台北市,北部
286,新店HTC總部,0926-366590,新北市新店區中興路三段88號,"https://maps.google.com.tw/?q=24.978967409294498,121.54577769786351",新北市,北部
285,林口佳林,02-26031982,新北市林口區文化一路二段230號,"https://maps.google.com.tw/?q=25.08261150103434,121.38428639786493",新北市,北部
284,林口文化,02-26083510,新北市林口區文化二路一段384-5號,"https://maps.google.com.tw/?q=25.076503101522064,121.37468749786484",新北市,北部
283,林口醒吾,02-26010582,新北市林口區粉寮路1段82號,"https://maps.google.com.tw/?q=25.07922580130478,121.3973528978649",新北市,北部
282,花蓮東華,03-8663367,花蓮縣壽豐鄉志學村中正路81號,"https://maps.google.com.tw/?q=23.90641749291139,121.53179739784979",花蓮市,東部
281,吉安南埔,03-8513006,花蓮縣吉安鄉南埔八街17號,"https://maps.google.com.tw/?q=23.97013498803909,121.59197189785057",花蓮市,東部
279,花蓮中山,03-8359747,花蓮縣花蓮市中山路475-6號,"https://maps.google.com.tw/?q=23.984359886949754,121.60338509785085",花蓮市,東部
277,後龍中山,037-727750,苗栗縣後龍鎮中山路212號,"https://maps.google.com.tw/?q=24.61297333820975,120.79335659785878",苗栗市,北部
276,公館五穀,037-230378,苗栗縣公館鄉五穀村8鄰230號,"https://maps.google.com.tw/?q=24.520897845421956,120.82145729785755",苗栗市,北部
275,迴龍光啟,02-82002099,桃園市龜山區萬壽路一段251號,"https://maps.google.com.tw/?q=25.01759080621996,121.40443289786415",桃園市,北部
274,青埔高鐵,03-3815909,桃園市大園區高鐵南路一段113號,"https://maps.google.com.tw/?q=25.00933638148404,121.21152278069792",桃園市,北部
273,湖口中興,03-5972050,新竹縣湖口鄉光復東路148號,"https://maps.google.com.tw/?q=24.869844817957038,121.02870429786215",新竹市,北部
272,湖口仁樂,03-5972882,新竹縣湖口鄉仁樂路146號,"https://maps.google.com.tw/?q=24.87310981322611,121.01114689387282",新竹市,北部
271,竹北嘉興,03-5505275,新竹縣竹北市光明六路東二段20-5號,"https://maps.google.com.tw/?q=24.818995621981593,121.02896819786149",新竹市,北部
265,竹北新泰,03-5534699,新竹縣竹北市新泰路92號,"https://maps.google.com.tw/?q=24.840265220299074,121.00838429786191",新竹市,北部
262,竹北中華,03-5532218,新竹縣竹北市新工五路23號,"https://maps.google.com.tw/?q=24.848264119665913,121.00416959786183",新竹市,北部
261,竹北華興,03-5532366,新竹縣竹北市華興街291號,"https://maps.google.com.tw/?q=24.83738972052656,120.99977999786175",新竹市,北部
260,竹北福興,03-6573336,新竹縣竹北市福興路556號,"https://maps.google.com.tw/?q=24.822144321732583,121.01191009786147",新竹市,北部
259,竹北台元,03-5533783,新竹縣竹北市博愛街571號,"https://maps.google.com.tw/?q=24.840703320264463,121.01164109786177",新竹市,北部
258,竹北台大,03-6589505,新竹縣竹北市莊敬北路118號,"https://maps.google.com.tw/?q=24.82546152147026,121.02455739786166",新竹市,北部
257,竹北縣政,03-5588540,新竹縣竹北市光明九路125號,"https://maps.google.com.tw/?q=24.82529592148331,121.00931849786146",新竹市,北部
256,平鎮廣泰,03-4952080,桃園市廣泰路236號,"https://maps.google.com.tw/?q=24.943349612125676,121.20386409786292",桃園市,北部
255,平鎮廣德,03-4922850,桃園市平鎮區廣德街71號,"https://maps.google.com.tw/?q=24.954388011248753,121.20521349786333",桃園市,北部
253,平鎮豐頂,03-4699568,桃園市平鎮區中豐路山頂段204號,"https://maps.google.com.tw/?q=24.899374315616335,121.2107223978625",桃園市,北部
251,平鎮上海,03-4391551,桃園市平鎮區上海路213號,"https://maps.google.com.tw/?q=24.915222814358927,121.20610349786271",桃園市,北部
248,中壢三光,03-4936922,桃園市中壢區三光路21號,"https://maps.google.com.tw/?q=24.96083811073608,121.21014309786334",桃園市,北部
245,中壢南園,03-4618376,桃園市中壢區南園二路296巷48號,"https://maps.google.com.tw/?q=24.972598209801056,121.22788129786343",桃園市,北部
244,中壢松義,03-490-0489,桃園市中壢區松義三街252號,"https://maps.google.com.tw/?q=24.959628410832202,121.16553259786325",桃園市,北部
242,中壢環東中山,03-4662098,桃園市中壢區中山東路2段196號,"https://maps.google.com.tw/?q=24.951831311451965,121.24007089786332",桃園市,北部
240,內壢元智,03-2852313,桃園市中壢區興仁里興安一街8巷7號,"https://maps.google.com.tw/?q=24.966682710271378,121.26360509786342",桃園市,北部
238,內壢高中,03-4358302,桃園市中壢區成章四街102號,"https://maps.google.com.tw/?q=24.976036609527476,121.25661819786347",桃園市,北部
237,內壢榮安,03-4637463,桃園市中壢區榮安一街216號,"https://maps.google.com.tw/?q=24.964309810460005,121.26020849786327",桃園市,北部
235,中壢長春,03-4622772,桃園市中壢區長春路106號,"https://maps.google.com.tw/?q=24.978283909348832,121.2480150978635",桃園市,北部
232,中壢成章,03-4358629,桃園市中壢區成章二街472號,"https://maps.google.com.tw/?q=24.98038360918175,121.25425259786344",桃園市,北部
231,竹南仁愛,037-580178,苗栗縣竹南鎮仁愛路653號,"https://maps.google.com.tw/?q=24.710074630576877,120.90340459785999",苗栗市,北部
230,竹南華東,037-550776,苗栗縣竹南鎮華東街81號,"https://maps.google.com.tw/?q=24.68988563216605,120.87802699785966",苗栗市,北部
228,竹南光復,037-471992,苗栗縣竹南鎮光復路428號,"https://maps.google.com.tw/?q=24.694002231842124,120.8799082978598",苗栗市,北部
227,竹南龍山,037-464020,苗栗縣竹南鎮龍山路一段146號,"https://maps.google.com.tw/?q=24.691756932018787,120.86658259785992",苗栗市,北部
226,竹南中山,037-481122,苗栗縣竹南鎮中山路115號,"https://maps.google.com.tw/?q=24.686462332435386,120.8797661978597",苗栗市,北部
225,頭份光華,037-611151,苗栗縣頭份市後庄里光華北路12號,"https://maps.google.com.tw/?q=24.697887731536234,120.88848979785979",苗栗市,北部
224,頭份昌隆,037-695939,苗栗縣頭份市昌隆一街23號,"https://maps.google.com.tw/?q=24.687279532371136,120.89701259785974",苗栗市,北部
223,頭份珊湖,037-603399,苗栗縣頭份市親民路6號,"https://maps.google.com.tw/?q=24.684515,120.958895",苗栗市,北部
222,頭份自強,037-633610,苗栗縣頭份市自強路二段633號,"https://maps.google.com.tw/?q=24.68219683277107,120.88237189785966",苗栗市,北部
220,苗栗中正,037-367016,苗栗縣苗栗市中正路1010號,"https://maps.google.com.tw/?q=24.549123443213745,120.81584079785802",苗栗市,北部
218,苗栗至公,037-375498,苗栗縣苗栗市至公路178號,"https://maps.google.com.tw/?q=24.559687642386688,120.81683459785813",苗栗市,北部
217,苗栗玉清,037-330609,苗栗縣苗栗市建功街20之1號,"https://maps.google.com.tw/?q=24.563830642062204,120.8251475978581",苗栗市,北部
216,新竹牛埔,03-5402290,新竹市香山區牛埔北路28號,"https://maps.google.com.tw/?q=24.79809572363355,120.94206899786117",新竹市,北部
215,新竹香北,03-5301226,新竹市香山區香北路173號,"https://maps.google.com.tw/?q=24.790913624201014,120.92629519786108",新竹市,北部
214,新竹湳雅,03-5351353,新竹市北區湳雅街30號,"https://maps.google.com.tw/?q=24.81735172211155,120.97012899786155",新竹市,北部
213,新竹南寮,03-5360682,新竹市北區東大路四段141號,"https://maps.google.com.tw/?q=24.843755920022865,120.93113449786179",新竹市,北部
212,新竹中山,03-5258860,新竹市北區中山路316號,"https://maps.google.com.tw/?q=24.8019508233289,120.96069999786134",新竹市,北部
211,新竹西大,03-5225269,新竹市北區西大路609號,"https://maps.google.com.tw/?q=24.809731822713992,120.95891699786135",新竹市,北部
210,新竹延平,03-5265717,新竹市北區延平路一段305號,"https://maps.google.com.tw/?q=24.80487382309785,120.95116999786123",新竹市,北部
208,新竹光華,03-5340880,新竹市北區光華東一街33號,"https://maps.google.com.tw/?q=24.817294022116148,120.97679239786147",新竹市,北部
207,新竹交大,0921-184662,新竹市東區大學路1001號(美食街),"https://maps.google.com.tw/?q=24.7865708245439,120.99983739786097",新竹市,北部
205,新竹新莊,03-6686623,新竹市東區新莊街232號,"https://maps.google.com.tw/?q=24.78819172441584,121.0178749978611",新竹市,北部
203,新竹東南,03-5610828,新竹市東區東南街105號,"https://maps.google.com.tw/?q=24.798191723626044,120.97404679786133",新竹市,北部
202,新竹建美,03-5716856,新竹市東區建美路65號,"https://maps.google.com.tw/?q=24.80246972328798,120.99766209786132",新竹市,北部
201,新竹寶山,03-5778839,新竹市東區寶山路440號,"https://maps.google.com.tw/?q=24.784817724682334,120.99033899786106",新竹市,北部
198,新竹明湖,03-5191552,新竹市東區明湖路712號,"https://maps.google.com.tw/?q=24.77257472564883,120.96631699786087",新竹市,北部
196,新竹東園,03-5710308,新竹市東區園後街28號,"https://maps.google.com.tw/?q=24.800364423454344,120.98545029786125",新竹市,北部
193,芎林福昌,03-5926248,新竹縣芎林鄉石潭村福昌街393號,"https://maps.google.com.tw/?q=24.750919227357606,121.09813179786052",新竹市,北部
192,芎林文山,03-5121640,新竹縣芎林鄉文山路516號,"https://maps.google.com.tw/?q=24.77707832529348,121.07804489786105",新竹市,北部
191,竹東長春,03-5966886,新竹縣竹東鎮長春路一段315號,"https://maps.google.com.tw/?q=24.736743728475552,121.0891715978604",新竹市,北部
190,竹東中豐,03-5104680,新竹縣竹東鎮中豐路二段187號,"https://maps.google.com.tw/?q=24.722493829598477,121.09311059786016",新竹市,北部
188,新豐松柏,03-5573957,新竹縣新豐鄉松柏街93號,"https://maps.google.com.tw/?q=24.865544618297633,120.98524859786203",新竹市,北部
187,新豐新市,03-5575812,新竹縣新豐鄉新市路129號,"https://maps.google.com.tw/?q=24.902897215336864,120.98442739786255",新竹市,北部
186,新豐新興,03-5592577,新竹縣新豐鄉新興路289之2號,"https://maps.google.com.tw/?q=24.871013217864398,120.99766949786209",新竹市,北部
185,大溪老街,03-3888996,桃園市大溪區康莊路101號,"https://maps.google.com.tw/?q=24.881888417002695,121.28824449786231",桃園市,北部
184,大溪仁中,03-3803732,桃園市大溪區仁和七街40號,"https://maps.google.com.tw/?q=24.894509316002097,121.27474679786239",桃園市,北部
183,觀音中正,03-4735671,桃園市觀音區中正路258號,"https://maps.google.com.tw/?q=25.035332704806244,121.08026199786434",桃園市,北部
182,觀音新坡,03-4982211,桃園市觀音區中山路2段579號,"https://maps.google.com.tw/?q=25.013940706510688,121.13461639786387",桃園市,北部
180,龜山大同,03-3505260,桃園市龜山區大同路148-1號,"https://maps.google.com.tw/?q=24.992220908240032,121.34271289786378",桃園市,北部
177,蘆竹大竹,03-323-7533,桃園市蘆竹區大竹路423號,"https://maps.google.com.tw/?q=25.021396705916825,121.26301299786405",桃園市,北部
175,南崁中山,03-3218095,桃園市蘆竹區中山路113號,"https://maps.google.com.tw/?q=25.05575260317801,121.29825089786453",桃園市,北部
174,南崁新南,03-3128923,桃園市蘆竹區新南路一段125號,"https://maps.google.com.tw/?q=25.04356130415034,121.29536599786447",桃園市,北部
173,蘆竹仁愛,03-3127718,桃園市蘆竹區仁愛路三段258號,"https://maps.google.com.tw/?q=25.053523003355846,121.30294019786449",桃園市,北部
172,南崁台茂,03-2125916,桃園市蘆竹區南崁路一段91號,"https://maps.google.com.tw/?q=25.051295703533555,121.28826399786455",桃園市,北部
169,八德介壽,03-3756051,桃園市八德區介壽路一段756號,"https://maps.google.com.tw/?q=24.963847810496777,121.30013939786332",桃園市,北部
167,楊梅青山,03-4965866,桃園市楊梅區青山一街25號,"https://maps.google.com.tw/?q=24.92257311377569,121.17749469786278",桃園市,北部
166,楊梅梅獅,03-4816963,桃園市楊梅區梅獅路2段97號,"https://maps.google.com.tw/?q=24.908311714907413,121.17600359786269",桃園市,北部
165,楊梅大成,03-4782122,桃園市楊梅區大成路36號,"https://maps.google.com.tw/?q=24.909016614851527,121.14566099786272",桃園市,北部
164,楊梅四維,03-4312788,桃園市楊梅區永美路405號,"https://maps.google.com.tw/?q=24.914602514408262,121.17907429786275",桃園市,北部
163,楊梅三民,03-4825577,桃園市楊梅區三民北路164號,"https://maps.google.com.tw/?q=24.912239714595604,121.17010749786255",桃園市,北部
161,楊梅環東,03-4850879,桃園市楊梅區環東路453號,"https://maps.google.com.tw/?q=24.910106814764898,121.15680529786265",桃園市,北部
159,比佛利,03-4963912,桃園市楊梅區青山一街259號,"https://maps.google.com.tw/?q=24.921507313860296,121.17084049786286",桃園市,北部
155,桃園廈門,03-3479880,桃園市桃園區廈門街91號,"https://maps.google.com.tw/?q=24.994421708064827,121.29735129786374",桃園市,北部
154,桃園信光,03-3581480,桃園市桃園區信光路80號,"https://maps.google.com.tw/?q=25.005620807173234,121.30608219786383",桃園市,北部
153,桃園金門,03-3610088,桃園市桃園區金門二街43號,"https://maps.google.com.tw/?q=24.982524109011553,121.31759919786352",桃園市,北部
151,桃園成功,03-3310502,桃園市桃園區成功路2段121號,"https://maps.google.com.tw/?q=24.994637208047727,121.31793869786385",桃園市,北部
148,桃園大有,03-3587744,桃園市桃園區大有路447號,"https://maps.google.com.tw/?q=25.01180270668085,121.3187909978639",桃園市,北部
147,桃園龍安,03-3695062,桃園市桃園區龍安街170號,"https://maps.google.com.tw/?q=24.99215860824501,121.27925869786375",桃園市,北部
146,桃園同安,03-3160989,桃園市桃園區同安街317號,"https://maps.google.com.tw/?q=25.016623306297085,121.30273529786406",桃園市,北部
145,桃園龍壽,03-3696700,桃園市桃園區龍壽街4號,"https://maps.google.com.tw/?q=24.978011709370456,121.26994799786353",桃園市,北部
143,桃園桃鶯,03-3614200,桃園市桃園區桃鶯路298-2號,"https://maps.google.com.tw/?q=24.97906870928637,121.32109199786363",桃園市,北部
140,北市忠孝復興,02-87738881,台北市大安區忠孝東路三段248巷12號,"https://maps.google.com.tw/?q=25.04103460435171,121.54118319786438",台北市,北部
138,北市景福,02-29300630,台北市文山區景福街269號,"https://maps.google.com.tw/?q=24.99344980814215,121.54043759786362",台北市,北部
137,北市世新,02-22364915,台北市文山區木柵路一段17號,"https://maps.google.com.tw/?q=24.988502408535815,121.5439090978636",台北市,北部
136,北市木新,02-86612968,台北市文山區木新路三段308號,"https://maps.google.com.tw/?q=24.98101740913139,121.55722399786359",台北市,北部
135,新店永平,02-29414155,新北市新店區永平街68號,"https://maps.google.com.tw/?q=24.985076908808484,121.51629519786367",新北市,北部
134,新店耕莘,02-29114589,新北市新店區中正路389號,"https://maps.google.com.tw/?q=24.977159409438183,121.53444489786361",新北市,北部
130,永和永平,02-29280178,新北市永和區永平路224-1號,"https://maps.google.com.tw/?q=25.01075460676447,121.50909399786406",新北市,北部
125,中和民享,02-22286100,新北市中和區民享街86巷34號1F,"https://maps.google.com.tw/?q=25.00062260757122,121.4730998978638",新北市,北部
124,中和興南,02-89432171,新北市中和區興南路二段34巷11號,"https://maps.google.com.tw/?q=24.98566320876179,121.50661669786365",新北市,北部
122,中和民樂,02-32344008,新北市中和區民樂路74號,"https://maps.google.com.tw/?q=25.001165907527998,121.4842010978639",新北市,北部
121,中和環球,02-32347276,新北市中和區中山路三段118之20號,"https://maps.google.com.tw/?q=25.006090507135937,121.47578739786402",新北市,北部
118,中和積穗,02-22225680,新北市中和區中山路2段523巷12號,"https://maps.google.com.tw/?q=25.00446440726554,121.48141709786402",新北市,北部
117,礁溪中山,03-9872198,宜蘭縣礁溪鄉中山路一段239號,"https://maps.google.com.tw/?q=24.82265027523602,121.77126968220159",宜蘭市,北部
116,蘇澳中山,03-9955678,宜蘭縣蘇澳鎮中山路一段46號,"https://maps.google.com.tw/?q=24.596198239525513,121.85204969785865",宜蘭市,北部
115,頭城新興,03-9779412,宜蘭縣頭城鎮新興路234-3號,"https://maps.google.com.tw/?q=24.8538007192276,121.81944799786187",宜蘭市,北部
114,羅東中華,03-9540080,宜蘭縣羅東鎮中華路37-10號,"https://maps.google.com.tw/?q=24.677455733144015,121.76665699785978",宜蘭市,北部
112,羅東站前,03-9556289,宜蘭縣羅東鎮中山路三段37號,"https://maps.google.com.tw/?q=24.67459473336901,121.77317399785957",宜蘭市,北部
111,羅東中山,03-9560177,宜蘭縣羅東鎮中山路三段337號,"https://maps.google.com.tw/?q=24.674736733357914,121.76587759785956",宜蘭市,北部
110,羅東成功,03-9566876,宜蘭縣羅東鎮興東南路133號,"https://maps.google.com.tw/?q=24.670669033677715,121.76848719785964",宜蘭市,北部
109,羅東國中,03-9556599,宜蘭縣羅東鎮公正里中華路95號,"https://maps.google.com.tw/?q=24.68068953288959,121.76767159785975",宜蘭市,北部
107,宜蘭南屏,03-9355796,宜蘭縣宜蘭市民權新路465號,"https://maps.google.com.tw/?q=24.75396312711777,121.74123609786072",宜蘭市,北部
105,宜蘭中山,03-9321620,宜蘭縣宜蘭市中山路三段282號,"https://maps.google.com.tw/?q=24.762174626469793,121.75403689786062",宜蘭市,北部
103,宜蘭女中,03-9312116,宜蘭縣宜蘭市女中路三段116號,"https://maps.google.com.tw/?q=24.7569308841076,121.76066002669656",宜蘭市,北部
102,宜蘭東港,03-9382409,宜蘭縣宜蘭市東港路71號,"https://maps.google.com.tw/?q=24.755130327025515,121.7622164478606",宜蘭市,北部
101,泰山仁武,02-85314096,新北市泰山區仁武街90號,"https://maps.google.com.tw/?q=25.05464150326652,121.43305719786444",新北市,北部
100,泰山海德堡,02-85318361,新北市泰山區明志路一段53號,"https://maps.google.com.tw/?q=25.06502880243792,121.43361569786471",新北市,北部
98,鶯歌光明,02-86772535,新北市鶯歌區光明街190號,"https://maps.google.com.tw/?q=24.955944411125106,121.3440906978632",新北市,北部
94,蘆洲長安,02-22889920,新北市蘆洲區長安街194巷29號,"https://maps.google.com.tw/?q=25.0847247008656,121.46001799786494",新北市,北部
93,蘆洲鷺江,02-22886444,新北市蘆洲區民權路23號,"https://maps.google.com.tw/?q=25.086198200748008,121.47609929786503",新北市,北部
92,淡水海都,02-26230822,新北市淡水區新市五路三段336號,"https://maps.google.com.tw/?q=25.197299591857405,121.43815989786641",新北市,北部
91,淡水新民,02-26218338,新北市淡水區新民街90號,"https://maps.google.com.tw/?q=25.17675959350379,121.43846209786633",新北市,北部
89,淡水淡大,02-26260602,新北市淡水區北新路182巷50號,"https://maps.google.com.tw/?q=25.17788220926679,121.44872200064411",新北市,北部
88,汐止工建,02-26412221,新北市汐止區大同路一段227號,"https://maps.google.com.tw/?q=25.05786770300923,121.63412399786445",新北市,北部
83,新莊民安,02-22080789,新北市新莊區民安西路267號-1,"https://maps.google.com.tw/?q=25.013041806582294,121.42625989786393",新北市,北部
82,新莊建安,02-22080679,新北市新莊區建安街2號,"https://maps.google.com.tw/?q=25.02680770548564,121.42848699786417",新北市,北部
81,新莊昌明,02-29902473,新北市新莊區昌明街52號,"https://maps.google.com.tw/?q=25.05243690344239,121.4558925978645",新北市,北部
80,新莊富國,02-22030617,新北市新莊區萬安街16號,"https://maps.google.com.tw/?q=25.0248359056428,121.4215152978642",新北市,北部
79,新莊新豐,02-22068800,新北市新莊區景德街316號,"https://maps.google.com.tw/?q=24.991449808301333,121.51680409786358",新北市,北部
78,土城永寧,0971-739-552,新北市土城區中央路三段54號,"https://maps.google.com.tw/?q=24.967689910191364,121.43700439786345",新北市,北部
75,土城頂捷,02-22681172,新北市土城區中央路四段58號,"https://maps.google.com.tw/?q=24.960349410774953,121.41975829786342",新北市,北部
74,土城明峯,02-82613385,新北市土城區明峯街41號,"https://maps.google.com.tw/?q=24.98550430877436,121.46538149786363",新北市,北部
71,土城員林,02-22748439,新北市土城區員林街26號,"https://maps.google.com.tw/?q=24.97730270942681,121.44382409786344",新北市,北部
70,三重正義南,02-29748088,新北市三重區正義南路26號,"https://maps.google.com.tw/?q=25.06130350273507,121.4981496978646",新北市,北部
67,三重光復,02-29992348,新北市三重區光復路一段32號,"https://maps.google.com.tw/?q=25.04739770384429,121.47172899786437",新北市,北部
64,三重捷運,02-89856602,新北市三重區重新路四段51號,"https://maps.google.com.tw/?q=25.057481303040102,121.48774039786454",新北市,北部
62,三重集美,02-29765668,新北市三重區集美街81號,"https://maps.google.com.tw/?q=25.053634703346983,121.48860059786466",新北市,北部
61,三峽中華,02-26723491,新北市三峽區中華路46-9號,"https://maps.google.com.tw/?q=24.930473213148296,121.3719071978627",新北市,北部
60,三峽中山,02-26747365,新北市三峽區中山路12號,"https://maps.google.com.tw/?q=24.934395312837093,121.36982309786295",新北市,北部
57,北市農安,02-25183255,台北市中山區農安街164號,"https://maps.google.com.tw/?q=25.06457510247418,121.53418289786478",台北市,北部
54,台北錦州,02-25151619,台北市中山區錦州街352號,"https://maps.google.com.tw/?q=25.06015740282662,121.53952289786464",台北市,北部
53,北市光復,02-25774589,台北市松山區光復北路26巷14號,"https://maps.google.com.tw/?q=25.048768303735066,121.55702419786437",台北市,北部
50,台北八德,02-27489088,台北市松山區八德路四段91巷7號,"https://maps.google.com.tw/?q=25.049305103692184,121.56073739786449",台北市,北部
48,北市士商,02-28822699,台北市士林區士商路114號,"https://maps.google.com.tw/?q=25.09209250027725,121.51879969786499",台北市,北部
46,北市延平南,02-23711005,台北市中正區延平南路57號,"https://maps.google.com.tw/?q=25.044745704055757,121.51048499786444",台北市,北部
44,北市濟南,02-23938999,台北市中正區濟南路二段45號,"https://maps.google.com.tw/?q=25.04069830437861,121.53048609786435",台北市,北部
43,北市愛國,02-23881866,台北市中正區愛國西路1號,"https://maps.google.com.tw/?q=25.035614004783838,121.51429529786441",台北市,北部
42,北市汀州三總,02-23686525,台北市中正區羅斯福路三段244巷25號,"https://maps.google.com.tw/?q=25.01657330630096,121.53049669786398",台北市,北部
41,北市和平,02-23710500,台北市中正區延平南路157巷3號,"https://maps.google.com.tw/?q=25.035392204801507,121.50799859786422",台北市,北部
40,北市杭州,02-23211337,台北市中正區杭州南路一段1段95號,"https://maps.google.com.tw/?q=25.03627723601785,121.524566433175",台北市,北部
39,北市中華,02-23012876,台北市中正區中華路二段457-1號,"https://maps.google.com.tw/?q=25.024879605639317,121.50993579786423",台北市,北部
38,北市五分,02-26305031,台北市內湖區五分街31號,"https://maps.google.com.tw/?q=25.06766220222774,121.61330679786461",台北市,北部
37,北市文德,02-26270108,台北市內湖區文德路107號,"https://maps.google.com.tw/?q=25.07873040134428,121.58371079786495",台北市,北部
35,內湖江南,02-87525005,台北市內湖區港墘路127巷16弄2號,"https://maps.google.com.tw/?q=25.077854601414245,121.57703599786494",台北市,北部
33,北市松德,02-27272157,台北市信義區松德路223號,"https://maps.google.com.tw/?q=25.03479110484946,121.57480839786427",台北市,北部
31,北市石牌,02-28289960,台北市北投區石牌路二段90巷32號,"https://maps.google.com.tw/?q=25.116985398287937,121.51826229786532",台北市,北部
30,北市立農,02-28202228,台北市北投區立農街2段228號1F,"https://maps.google.com.tw/?q=25.11868539815197,121.51486089786532",台北市,北部
29,北市懷德,02-28282489,台北市北投區懷德街17號,"https://maps.google.com.tw/?q=25.11172989870805,121.51923989786526",台北市,北部
27,台北敦煌,02-25955721,台北市大同區敦煌路28號,"https://maps.google.com.tw/?q=25.075232101623502,121.51940159786481",台北市,北部
26,板橋三民,02-29552238,新北市板橋區三民路二段147號,"https://maps.google.com.tw/?q=25.01535300540841,121.4794165509264",新北市,北部
23,板橋江翠,02-22517233,新北市板橋區文化路二段425號,"https://maps.google.com.tw/?q=25.03297770499403,121.47465599786426",新北市,北部
22,板橋中山,02-29645588,新北市板橋區中山路一段158巷18號,"https://maps.google.com.tw/?q=25.011317706720003,121.46629499767386",新北市,北部
21,板橋大同,02-82585159,新北市板橋區大同路61號,"https://maps.google.com.tw/?q=24.927523013382963,121.37540999767268",新北市,北部
20,板橋龍興,02-29690300,新北市板橋區龍興街65巷6號,"https://maps.google.com.tw/?q=25.00186250747285,121.44264249767375",新北市,北部
18,板橋新生,02-29651907,新北市板橋區新生街55號,"https://maps.google.com.tw/?q=25.021040905945416,121.45735259767388",新北市,北部
16,板橋民族,02-29625969,新北市板橋區民族路247巷7弄44號,"https://maps.google.com.tw/?q=25.008462006947447,121.47062269767393",新北市,北部
15,板橋北門,02-29683494,新北市板橋區北門街10號,"https://maps.google.com.tw/?q=25.01060540677663,121.45779009767382",新北市,北部
14,板橋篤行,02-26755925,新北市板橋區篤行路2段153號,"https://maps.google.com.tw/?q=24.987959608579413,121.42974279767346",新北市,北部
6,楊梅中山,03-4818053,桃園市楊梅區中山北路二段78號,"https://maps.google.com.tw/?q=24.908633,121.16916",桃園市,北部
